[
    {
        "id": "3ec7e50b.a3330a",
        "type": "tab",
        "label": "Sensors",
        "disabled": false,
        "info": ""
    },
    {
        "id": "5cfc59a4.a94818",
        "type": "debug",
        "z": "3ec7e50b.a3330a",
        "name": "Sensors msg",
        "active": true,
        "tosidebar": true,
        "console": false,
        "tostatus": false,
        "complete": "true",
        "x": 470,
        "y": 220,
        "wires": []
    },
    {
        "id": "c492a3a6.85257",
        "type": "mqtt in",
        "z": "3ec7e50b.a3330a",
        "name": "",
        "topic": "/pizero/sensors",
        "qos": "2",
        "broker": "11fdd428.637c3c",
        "x": 100,
        "y": 360,
        "wires": [
            [
                "bd4a1a3.fcdace8"
            ]
        ]
    },
    {
        "id": "bd4a1a3.fcdace8",
        "type": "json",
        "z": "3ec7e50b.a3330a",
        "name": "",
        "property": "payload",
        "action": "",
        "pretty": false,
        "x": 270,
        "y": 360,
        "wires": [
            [
                "5cfc59a4.a94818",
                "7f12394b.8674a8",
                "dbbcb027.88219"
            ]
        ]
    },
    {
        "id": "7f12394b.8674a8",
        "type": "switch",
        "z": "3ec7e50b.a3330a",
        "name": "Select sensor",
        "property": "payload.type",
        "propertyType": "msg",
        "rules": [
            {
                "t": "eq",
                "v": "DHT",
                "vt": "str"
            },
            {
                "t": "eq",
                "v": "PIR",
                "vt": "str"
            },
            {
                "t": "eq",
                "v": "LDR",
                "vt": "str"
            }
        ],
        "checkall": "true",
        "repair": false,
        "outputs": 3,
        "x": 480,
        "y": 360,
        "wires": [
            [
                "205d9747.240db8"
            ],
            [
                "50ac483a.0568a8"
            ],
            [
                "fae6b93f.e4ecf8"
            ]
        ]
    },
    {
        "id": "205d9747.240db8",
        "type": "function",
        "z": "3ec7e50b.a3330a",
        "name": "DHT values",
        "func": "var msg1 = {\n    payload: msg.payload.payload.temperature\n}\nvar msg2 = {\n    payload: msg.payload.payload.humidity\n}\n\nreturn [msg1,msg2]\n\n",
        "outputs": 2,
        "noerr": 0,
        "x": 690,
        "y": 220,
        "wires": [
            [
                "6329c808.01bd48",
                "339f6d64.601c32"
            ],
            [
                "89fe0daa.358ba",
                "ac69f016.ffb888"
            ]
        ]
    },
    {
        "id": "1ffdb5fa.d8c0ca",
        "type": "debug",
        "z": "3ec7e50b.a3330a",
        "name": "",
        "active": false,
        "tosidebar": true,
        "console": false,
        "tostatus": false,
        "complete": "true",
        "x": 1070,
        "y": 580,
        "wires": []
    },
    {
        "id": "6329c808.01bd48",
        "type": "ui_gauge",
        "z": "3ec7e50b.a3330a",
        "name": "",
        "group": "53702202.28965c",
        "order": 0,
        "width": "3",
        "height": "3",
        "gtype": "gage",
        "title": "Temperature",
        "label": "Celsius",
        "format": "{{value | number:2}}",
        "min": "-5",
        "max": "50",
        "colors": [
            "#00b500",
            "#e6e600",
            "#ca3838"
        ],
        "seg1": "",
        "seg2": "",
        "x": 890,
        "y": 140,
        "wires": []
    },
    {
        "id": "89fe0daa.358ba",
        "type": "ui_gauge",
        "z": "3ec7e50b.a3330a",
        "name": "",
        "group": "53702202.28965c",
        "order": 0,
        "width": "3",
        "height": "3",
        "gtype": "wave",
        "title": "Humidity",
        "label": "%",
        "format": "{{value}}",
        "min": 0,
        "max": "100",
        "colors": [
            "#00b500",
            "#e6e600",
            "#ca3838"
        ],
        "seg1": "",
        "seg2": "",
        "x": 880,
        "y": 180,
        "wires": []
    },
    {
        "id": "6e8aa410.e0c12c",
        "type": "ui_switch",
        "z": "3ec7e50b.a3330a",
        "name": "",
        "label": "PIR",
        "tooltip": "",
        "group": "53702202.28965c",
        "order": 1,
        "width": 0,
        "height": 0,
        "passthru": true,
        "decouple": "false",
        "topic": "",
        "style": "",
        "onvalue": "true",
        "onvalueType": "bool",
        "onicon": "",
        "oncolor": "",
        "offvalue": "false",
        "offvalueType": "bool",
        "officon": "",
        "offcolor": "",
        "x": 830,
        "y": 360,
        "wires": [
            [
                "89895fcb.dce5e"
            ]
        ]
    },
    {
        "id": "50ac483a.0568a8",
        "type": "function",
        "z": "3ec7e50b.a3330a",
        "name": "PIR value",
        "func": "msg.payload = msg.payload.payload;\nreturn msg;",
        "outputs": 1,
        "noerr": 0,
        "x": 680,
        "y": 360,
        "wires": [
            [
                "6e8aa410.e0c12c"
            ]
        ]
    },
    {
        "id": "fae6b93f.e4ecf8",
        "type": "function",
        "z": "3ec7e50b.a3330a",
        "name": "LDR value",
        "func": "msg.payload = msg.payload.payload;\nreturn msg;",
        "outputs": 1,
        "noerr": 0,
        "x": 690,
        "y": 500,
        "wires": [
            [
                "34fd7ea9.cb2042",
                "be3da2ee.129a68"
            ]
        ]
    },
    {
        "id": "f05402d.ff58",
        "type": "file",
        "z": "3ec7e50b.a3330a",
        "name": "",
        "filename": "./ldr_data.csv",
        "appendNewline": true,
        "createDir": false,
        "overwriteFile": "false",
        "x": 1100,
        "y": 620,
        "wires": [
            []
        ]
    },
    {
        "id": "e2c72f62.a63bc",
        "type": "function",
        "z": "3ec7e50b.a3330a",
        "name": "Log message",
        "func": "msg.payload = `${new Date()}, ${msg.payload}`; \nreturn msg;",
        "outputs": 1,
        "noerr": 0,
        "x": 890,
        "y": 600,
        "wires": [
            [
                "1ffdb5fa.d8c0ca",
                "f05402d.ff58"
            ]
        ]
    },
    {
        "id": "34fd7ea9.cb2042",
        "type": "ui_text",
        "z": "3ec7e50b.a3330a",
        "group": "53702202.28965c",
        "order": 3,
        "width": 0,
        "height": 0,
        "name": "",
        "label": "LDR",
        "format": "{{msg.payload}}",
        "layout": "row-spread",
        "x": 850,
        "y": 480,
        "wires": []
    },
    {
        "id": "961c7bd.4f05888",
        "type": "mqtt out",
        "z": "3ec7e50b.a3330a",
        "name": "",
        "topic": "/pizero/display",
        "qos": "",
        "retain": "",
        "broker": "11fdd428.637c3c",
        "x": 760,
        "y": 680,
        "wires": []
    },
    {
        "id": "dbbcb027.88219",
        "type": "function",
        "z": "3ec7e50b.a3330a",
        "name": "Update display sensor data",
        "func": "var payload = msg.payload;\nmsg.payload = {\n    'screen_data': {\n        'key': payload.type,\n        'value': payload.payload\n    }\n}\nreturn msg;",
        "outputs": 1,
        "noerr": 0,
        "x": 520,
        "y": 680,
        "wires": [
            [
                "961c7bd.4f05888"
            ]
        ]
    },
    {
        "id": "b535bcb.0a8054",
        "type": "rpi-gpio out",
        "z": "3ec7e50b.a3330a",
        "name": "",
        "pin": "8",
        "set": true,
        "level": "0",
        "freq": "",
        "out": "out",
        "x": 1220,
        "y": 340,
        "wires": []
    },
    {
        "id": "89895fcb.dce5e",
        "type": "function",
        "z": "3ec7e50b.a3330a",
        "name": "Payload To Number",
        "func": "msg.payload = Number(msg.payload);\nreturn msg;",
        "outputs": 1,
        "noerr": 0,
        "x": 1020,
        "y": 360,
        "wires": [
            [
                "b535bcb.0a8054",
                "1abea9db.b01a4e"
            ]
        ]
    },
    {
        "id": "3ee10309.e85704",
        "type": "mqtt out",
        "z": "3ec7e50b.a3330a",
        "name": "",
        "topic": "home/office/temperature",
        "qos": "",
        "retain": "",
        "broker": "f8d10149.caff18",
        "x": 1090,
        "y": 240,
        "wires": []
    },
    {
        "id": "2093305b.6751b",
        "type": "mqtt out",
        "z": "3ec7e50b.a3330a",
        "name": "",
        "topic": "home/office/humidity",
        "qos": "",
        "retain": "",
        "broker": "f8d10149.caff18",
        "x": 1080,
        "y": 280,
        "wires": []
    },
    {
        "id": "1abea9db.b01a4e",
        "type": "mqtt out",
        "z": "3ec7e50b.a3330a",
        "name": "",
        "topic": "home/office/motion",
        "qos": "",
        "retain": "",
        "broker": "f8d10149.caff18",
        "x": 1250,
        "y": 380,
        "wires": []
    },
    {
        "id": "be3da2ee.129a68",
        "type": "mqtt out",
        "z": "3ec7e50b.a3330a",
        "name": "",
        "topic": "home/office/light",
        "qos": "",
        "retain": "",
        "broker": "f8d10149.caff18",
        "x": 890,
        "y": 540,
        "wires": []
    },
    {
        "id": "339f6d64.601c32",
        "type": "throttle",
        "z": "3ec7e50b.a3330a",
        "name": "",
        "throttleType": "time",
        "timeLimit": "15",
        "timeLimitType": "minutes",
        "countLimit": 0,
        "blockSize": 0,
        "locked": false,
        "x": 880,
        "y": 240,
        "wires": [
            [
                "3ee10309.e85704"
            ]
        ]
    },
    {
        "id": "ac69f016.ffb888",
        "type": "throttle",
        "z": "3ec7e50b.a3330a",
        "name": "",
        "throttleType": "time",
        "timeLimit": "15",
        "timeLimitType": "minutes",
        "countLimit": 0,
        "blockSize": 0,
        "locked": false,
        "x": 880,
        "y": 280,
        "wires": [
            [
                "2093305b.6751b"
            ]
        ]
    },
    {
        "id": "11fdd428.637c3c",
        "type": "mqtt-broker",
        "z": "",
        "name": "",
        "broker": "localhost",
        "port": "1883",
        "clientid": "",
        "usetls": false,
        "compatmode": true,
        "keepalive": "60",
        "cleansession": true,
        "birthTopic": "",
        "birthQos": "0",
        "birthPayload": "",
        "closeTopic": "",
        "closeQos": "0",
        "closePayload": "",
        "willTopic": "",
        "willQos": "0",
        "willPayload": ""
    },
    {
        "id": "53702202.28965c",
        "type": "ui_group",
        "z": "",
        "name": "Sensors",
        "tab": "628b8820.514ac8",
        "disp": true,
        "width": "10",
        "collapse": false
    },
    {
        "id": "f8d10149.caff18",
        "type": "mqtt-broker",
        "z": "",
        "broker": "192.168.0.31",
        "port": "1883",
        "clientid": "",
        "usetls": false,
        "compatmode": true,
        "keepalive": "60",
        "cleansession": true,
        "birthTopic": "",
        "birthQos": "0",
        "birthPayload": "",
        "willTopic": "",
        "willQos": "0",
        "willPayload": ""
    },
    {
        "id": "628b8820.514ac8",
        "type": "ui_tab",
        "z": "",
        "name": "Sensors",
        "icon": "dashboard",
        "disabled": false,
        "hidden": false
    }
]
